fecha,sensor,minima,maxima,actual
22/05/2025 06:18:29,temperatura,17,29,27.4
22/05/2025 06:18:29,humedad,50,80,45
22/05/2025 06:18:29,iluminacion,200,1100,198
22/05/2025 06:18:39,temperatura,17,29,27.4
22/05/2025 06:18:39,humedad,50,80,44
22/05/2025 06:18:39,iluminacion,200,1100,198
22/05/2025 06:18:49,temperatura,17,29,27.4
22/05/2025 06:18:49,humedad,50,80,43
22/05/2025 06:18:49,iluminacion,200,1100,195
22/05/2025 06:18:59,temperatura,17,29,27.4
22/05/2025 06:18:59,humedad,50,80,44
22/05/2025 06:18:59,iluminacion,200,1100,199
22/05/2025 06:19:09,temperatura,17,29,27.5
22/05/2025 06:19:09,humedad,50,80,45
22/05/2025 06:19:09,iluminacion,200,1100,201
22/05/2025 06:19:19,temperatura,17,29,27.5
22/05/2025 06:19:19,humedad,50,80,44
22/05/2025 06:19:19,iluminacion,200,1100,199
22/05/2025 06:19:29,temperatura,17,29,27.5
22/05/2025 06:19:29,humedad,50,80,44
22/05/2025 06:19:29,iluminacion,200,1100,197
22/05/2025 06:19:39,temperatura,17,29,27.5
22/05/2025 06:19:39,humedad,50,80,43
22/05/2025 06:19:39,iluminacion,200,1100,198
22/05/2025 06:19:49,temperatura,17,29,27.5
22/05/2025 06:19:49,humedad,50,80,43
22/05/2025 06:19:49,iluminacion,200,1100,198
22/05/2025 06:19:59,temperatura,17,29,27.5
22/05/2025 06:19:59,humedad,50,80,44
22/05/2025 06:19:59,iluminacion,200,1100,203
22/05/2025 06:20:09,temperatura,17,29,27.6
22/05/2025 06:20:09,humedad,50,80,44
22/05/2025 06:20:09,iluminacion,200,1100,202
22/05/2025 06:20:19,temperatura,17,29,27.6
22/05/2025 06:20:19,humedad,50,80,44
22/05/2025 06:20:19,iluminacion,200,1100,202
22/05/2025 06:20:29,temperatura,17,29,27.7
22/05/2025 06:20:29,humedad,50,80,43
22/05/2025 06:20:29,iluminacion,200,1100,199
22/05/2025 06:20:39,temperatura,17,29,27.6
22/05/2025 06:20:39,humedad,50,80,43
22/05/2025 06:20:39,iluminacion,200,1100,202
22/05/2025 06:20:49,temperatura,17,29,27.6
22/05/2025 06:20:49,humedad,50,80,43
22/05/2025 06:20:49,iluminacion,200,1100,203
22/05/2025 06:20:59,temperatura,17,29,27.6
22/05/2025 06:20:59,humedad,50,80,43
22/05/2025 06:20:59,iluminacion,200,1100,199
22/05/2025 06:21:09,temperatura,17,29,27.6
22/05/2025 06:21:09,humedad,50,80,43
22/05/2025 06:21:09,iluminacion,200,1100,235
22/05/2025 06:21:20,temperatura,17,29,27.6
22/05/2025 06:21:20,humedad,50,80,43
22/05/2025 06:21:20,iluminacion,200,1100,242
22/05/2025 06:21:29,temperatura,17,29,27.7
22/05/2025 06:21:29,humedad,50,80,43
22/05/2025 06:21:29,iluminacion,200,1100,186
22/05/2025 06:21:40,temperatura,17,29,27.7
22/05/2025 06:21:40,humedad,50,80,43
22/05/2025 06:21:40,iluminacion,200,1100,242
22/05/2025 06:21:50,temperatura,17,29,27.8
22/05/2025 06:21:50,humedad,50,80,44
22/05/2025 06:21:50,iluminacion,200,1100,240
22/05/2025 06:22:00,temperatura,17,29,27.7
22/05/2025 06:22:00,humedad,50,80,43
22/05/2025 06:22:00,iluminacion,200,1100,244
22/05/2025 06:22:10,temperatura,17,29,27.8
22/05/2025 06:22:10,humedad,50,80,43
22/05/2025 06:22:10,iluminacion,200,1100,257
22/05/2025 06:22:20,temperatura,17,29,27.7
22/05/2025 06:22:20,humedad,50,80,43
22/05/2025 06:22:20,iluminacion,200,1100,258
22/05/2025 06:22:30,temperatura,17,29,27.7
22/05/2025 06:22:30,humedad,50,80,43
22/05/2025 06:22:30,iluminacion,200,1100,257
22/05/2025 06:22:40,temperatura,17,29,27.7
22/05/2025 06:22:40,humedad,50,80,43
22/05/2025 06:22:40,iluminacion,200,1100,235
22/05/2025 06:22:50,temperatura,17,29,27.7
22/05/2025 06:22:50,humedad,50,80,43
22/05/2025 06:22:50,iluminacion,200,1100,259
22/05/2025 06:23:00,temperatura,17,29,27.7
22/05/2025 06:23:00,humedad,50,80,42
22/05/2025 06:23:00,iluminacion,200,1100,299
22/05/2025 06:23:10,temperatura,17,29,27.8
22/05/2025 06:23:10,humedad,50,80,43
22/05/2025 06:23:10,iluminacion,200,1100,299
22/05/2025 06:23:20,temperatura,17,29,27.9
22/05/2025 06:23:20,humedad,50,80,42
22/05/2025 06:23:20,iluminacion,200,1100,299
22/05/2025 06:23:30,temperatura,17,29,27.9
22/05/2025 06:23:30,humedad,50,80,43
22/05/2025 06:23:30,iluminacion,200,1100,292
22/05/2025 06:23:40,temperatura,17,29,27.7
22/05/2025 06:23:40,humedad,50,80,43
22/05/2025 06:23:40,iluminacion,200,1100,302
22/05/2025 06:23:50,temperatura,17,29,27.9
22/05/2025 06:23:50,humedad,50,80,43
22/05/2025 06:23:50,iluminacion,200,1100,271
22/05/2025 06:24:00,temperatura,17,29,27.8
22/05/2025 06:24:00,humedad,50,80,43
22/05/2025 06:24:00,iluminacion,200,1100,274
22/05/2025 06:24:10,temperatura,17,29,27.7
22/05/2025 06:24:10,humedad,50,80,43
22/05/2025 06:24:10,iluminacion,200,1100,273
22/05/2025 06:24:20,temperatura,17,29,27.8
22/05/2025 06:24:20,humedad,50,80,42
22/05/2025 06:24:20,iluminacion,200,1100,272
22/05/2025 06:24:30,temperatura,17,29,27.8
22/05/2025 06:24:30,humedad,50,80,42
22/05/2025 06:24:30,iluminacion,200,1100,273
22/05/2025 06:24:40,temperatura,17,29,27.9
22/05/2025 06:24:40,humedad,50,80,42
22/05/2025 06:24:40,iluminacion,200,1100,272
22/05/2025 06:24:50,temperatura,17,29,27.8
22/05/2025 06:24:50,humedad,50,80,42
22/05/2025 06:24:50,iluminacion,200,1100,222
22/05/2025 06:25:00,temperatura,17,29,27.8
22/05/2025 06:25:00,humedad,50,80,43
22/05/2025 06:25:00,iluminacion,200,1100,225
22/05/2025 06:25:34,temperatura,17,29,27.7
22/05/2025 06:25:34,humedad,50,80,43
22/05/2025 06:25:34,iluminacion,200,1100,236
22/05/2025 06:25:44,temperatura,17,29,27.7
22/05/2025 06:25:44,humedad,50,80,43
22/05/2025 06:25:44,iluminacion,200,1100,315
22/05/2025 06:25:54,temperatura,17,29,27.8
22/05/2025 06:25:54,humedad,50,80,43
22/05/2025 06:25:54,iluminacion,200,1100,916
22/05/2025 06:26:04,temperatura,17,29,27.7
22/05/2025 06:26:04,humedad,50,80,44
22/05/2025 06:26:04,iluminacion,200,1100,2804
22/05/2025 06:26:14,temperatura,17,29,27.7
22/05/2025 06:26:14,humedad,50,80,45
22/05/2025 06:26:14,iluminacion,200,1100,2804
22/05/2025 06:26:24,temperatura,17,29,27.8
22/05/2025 06:26:24,humedad,50,80,44
22/05/2025 06:26:24,iluminacion,200,1100,2800
22/05/2025 06:26:34,temperatura,17,29,27.8
22/05/2025 06:26:34,humedad,50,80,44
22/05/2025 06:26:34,iluminacion,200,1100,2800
22/05/2025 06:26:44,temperatura,17,29,27.9
22/05/2025 06:26:44,humedad,50,80,43
22/05/2025 06:26:44,iluminacion,200,1100,2800
22/05/2025 06:26:54,temperatura,17,29,27.9
22/05/2025 06:26:54,humedad,50,80,42
22/05/2025 06:26:54,iluminacion,200,1100,2800
22/05/2025 06:27:04,temperatura,17,29,27.8
22/05/2025 06:27:04,humedad,50,80,42
22/05/2025 06:27:04,iluminacion,200,1100,2799
22/05/2025 06:27:14,temperatura,17,29,27.8
22/05/2025 06:27:14,humedad,50,80,41
22/05/2025 06:27:14,iluminacion,200,1100,2800
22/05/2025 06:27:24,temperatura,17,29,27.8
22/05/2025 06:27:24,humedad,50,80,42
22/05/2025 06:27:24,iluminacion,200,1100,2785
22/05/2025 06:27:34,temperatura,17,29,27.7
22/05/2025 06:27:34,humedad,50,80,41
22/05/2025 06:27:34,iluminacion,200,1100,2793
22/05/2025 06:27:44,temperatura,17,29,27.7
22/05/2025 06:27:44,humedad,50,80,42
22/05/2025 06:27:44,iluminacion,200,1100,2791
22/05/2025 06:27:54,temperatura,17,29,27.7
22/05/2025 06:27:54,humedad,50,80,41
22/05/2025 06:27:54,iluminacion,200,1100,2779
22/05/2025 06:28:34,temperatura,17,29,27.7
22/05/2025 06:28:34,humedad,50,80,41
22/05/2025 06:28:34,iluminacion,200,1100,214
22/05/2025 06:28:45,temperatura,17,29,27.5
22/05/2025 06:28:45,humedad,50,80,41
22/05/2025 06:28:45,iluminacion,200,1100,2783
22/05/2025 06:28:54,temperatura,17,29,27.5
22/05/2025 06:28:54,humedad,50,80,41
22/05/2025 06:28:54,iluminacion,200,1100,2791
22/05/2025 06:29:05,temperatura,17,29,27.4
22/05/2025 06:29:05,humedad,50,80,41
22/05/2025 06:29:05,iluminacion,200,1100,2790
22/05/2025 06:29:14,temperatura,17,29,27.4
22/05/2025 06:29:14,humedad,50,80,40
22/05/2025 06:29:14,iluminacion,200,1100,2789
22/05/2025 06:29:24,temperatura,17,29,27.4
22/05/2025 06:29:24,humedad,50,80,40
22/05/2025 06:29:24,iluminacion,200,1100,2787
22/05/2025 06:29:35,temperatura,17,29,27.4
22/05/2025 06:29:35,humedad,50,80,40
22/05/2025 06:29:35,iluminacion,200,1100,2790
22/05/2025 06:29:44,temperatura,17,29,27.3
22/05/2025 06:29:44,humedad,50,80,40
22/05/2025 06:29:44,iluminacion,200,1100,2785
22/05/2025 06:29:54,temperatura,17,29,27.2
22/05/2025 06:29:54,humedad,50,80,41
22/05/2025 06:29:54,iluminacion,200,1100,2782
22/05/2025 06:30:04,temperatura,17,29,27.2
22/05/2025 06:30:04,humedad,50,80,40
22/05/2025 06:30:04,iluminacion,200,1100,2779
22/05/2025 06:30:14,temperatura,17,29,27.2
22/05/2025 06:30:14,humedad,50,80,40
22/05/2025 06:30:14,iluminacion,200,1100,2787
22/05/2025 06:30:24,temperatura,17,29,27.2
22/05/2025 06:30:24,humedad,50,80,40
22/05/2025 06:30:24,iluminacion,200,1100,2787
22/05/2025 06:30:34,temperatura,17,29,27.2
22/05/2025 06:30:34,humedad,50,80,40
22/05/2025 06:30:34,iluminacion,200,1100,2785
22/05/2025 06:30:44,temperatura,17,29,27.1
22/05/2025 06:30:44,humedad,50,80,40
22/05/2025 06:30:44,iluminacion,200,1100,2786
22/05/2025 06:30:55,temperatura,17,29,27.1
22/05/2025 06:30:55,humedad,50,80,40
22/05/2025 06:30:55,iluminacion,200,1100,2787
22/05/2025 06:31:05,temperatura,17,29,27.1
22/05/2025 06:31:05,humedad,50,80,40
22/05/2025 06:31:05,iluminacion,200,1100,2782
22/05/2025 06:31:14,temperatura,17,29,27.1
22/05/2025 06:31:14,humedad,50,80,41
22/05/2025 06:31:14,iluminacion,200,1100,2785
22/05/2025 06:31:25,temperatura,17,29,27
22/05/2025 06:31:25,humedad,50,80,40
22/05/2025 06:31:25,iluminacion,200,1100,2784
22/05/2025 06:31:35,temperatura,17,29,27
22/05/2025 06:31:35,humedad,50,80,40
22/05/2025 06:31:35,iluminacion,200,1100,2786
22/05/2025 06:31:44,temperatura,17,29,27
22/05/2025 06:31:44,humedad,50,80,40
22/05/2025 06:31:44,iluminacion,200,1100,2785
22/05/2025 06:31:55,temperatura,17,29,27
22/05/2025 06:31:55,humedad,50,80,40
22/05/2025 06:31:55,iluminacion,200,1100,2786
22/05/2025 06:32:05,temperatura,17,29,27
22/05/2025 06:32:05,humedad,50,80,39
22/05/2025 06:32:05,iluminacion,200,1100,2789
22/05/2025 06:32:14,temperatura,17,29,27
22/05/2025 06:32:14,humedad,50,80,39
22/05/2025 06:32:14,iluminacion,200,1100,2787
22/05/2025 06:32:24,temperatura,17,29,26.9
22/05/2025 06:32:24,humedad,50,80,39
22/05/2025 06:32:24,iluminacion,200,1100,2787
22/05/2025 06:32:34,temperatura,17,29,26.9
22/05/2025 06:32:34,humedad,50,80,39
22/05/2025 06:32:34,iluminacion,200,1100,2789
22/05/2025 06:32:44,temperatura,17,29,26.8
22/05/2025 06:32:44,humedad,50,80,39
22/05/2025 06:32:44,iluminacion,200,1100,2785
22/05/2025 06:32:55,temperatura,17,29,26.8
22/05/2025 06:32:55,humedad,50,80,39
22/05/2025 06:32:55,iluminacion,200,1100,2787
22/05/2025 06:33:04,temperatura,17,29,26.7
22/05/2025 06:33:04,humedad,50,80,39
22/05/2025 06:33:04,iluminacion,200,1100,2785
22/05/2025 06:33:14,temperatura,17,29,26.7
22/05/2025 06:33:14,humedad,50,80,39
22/05/2025 06:33:14,iluminacion,200,1100,2786
22/05/2025 06:33:25,temperatura,17,29,26.6
22/05/2025 06:33:25,humedad,50,80,39
22/05/2025 06:33:25,iluminacion,200,1100,2787
22/05/2025 06:33:34,temperatura,17,29,26.6
22/05/2025 06:33:34,humedad,50,80,39
22/05/2025 06:33:34,iluminacion,200,1100,2785
22/05/2025 06:33:44,temperatura,17,29,26.5
22/05/2025 06:33:44,humedad,50,80,39
22/05/2025 06:33:44,iluminacion,200,1100,2786
22/05/2025 06:33:55,temperatura,17,29,26.4
22/05/2025 06:33:55,humedad,50,80,39
22/05/2025 06:33:55,iluminacion,200,1100,2789
22/05/2025 06:34:04,temperatura,17,29,26.4
22/05/2025 06:34:04,humedad,50,80,39
22/05/2025 06:34:04,iluminacion,200,1100,2789
22/05/2025 06:34:14,temperatura,17,29,26.3
22/05/2025 06:34:14,humedad,50,80,39
22/05/2025 06:34:14,iluminacion,200,1100,2789
22/05/2025 06:34:25,temperatura,17,29,26.3
22/05/2025 06:34:25,humedad,50,80,39
22/05/2025 06:34:25,iluminacion,200,1100,2786
22/05/2025 06:34:34,temperatura,17,29,26.2
22/05/2025 06:34:34,humedad,50,80,39
22/05/2025 06:34:34,iluminacion,200,1100,2786
22/05/2025 06:34:45,temperatura,17,29,26.1
22/05/2025 06:34:45,humedad,50,80,39
22/05/2025 06:34:45,iluminacion,200,1100,2787
22/05/2025 06:34:55,temperatura,17,29,26.1
22/05/2025 06:34:55,humedad,50,80,39
22/05/2025 06:34:55,iluminacion,200,1100,2773
22/05/2025 06:35:04,temperatura,17,29,26
22/05/2025 06:35:04,humedad,50,80,40
22/05/2025 06:35:04,iluminacion,200,1100,2787
22/05/2025 06:35:14,temperatura,17,29,26
22/05/2025 06:35:14,humedad,50,80,40
22/05/2025 06:35:14,iluminacion,200,1100,2785
22/05/2025 06:35:24,temperatura,17,29,26
22/05/2025 06:35:24,humedad,50,80,40
22/05/2025 06:35:24,iluminacion,200,1100,2773
22/05/2025 06:35:34,temperatura,17,29,25.9
22/05/2025 06:35:34,humedad,50,80,39
22/05/2025 06:35:34,iluminacion,200,1100,2789
22/05/2025 06:35:45,temperatura,17,29,25.9
22/05/2025 06:35:45,humedad,50,80,39
22/05/2025 06:35:45,iluminacion,200,1100,2816
22/05/2025 06:39:08,temperatura,17,29,25.1
22/05/2025 06:39:08,humedad,50,80,41
22/05/2025 06:39:08,iluminacion,200,1100,142
22/05/2025 06:39:18,temperatura,17,29,25
22/05/2025 06:39:18,humedad,50,80,42
22/05/2025 06:39:18,iluminacion,200,1100,2788
22/05/2025 06:39:28,temperatura,17,29,25.1
22/05/2025 06:39:28,humedad,50,80,42
22/05/2025 06:39:28,iluminacion,200,1100,2796
22/05/2025 06:39:38,temperatura,17,29,25.2
22/05/2025 06:39:38,humedad,50,80,42
22/05/2025 06:39:38,iluminacion,200,1100,2797
22/05/2025 06:39:48,temperatura,17,29,25.2
22/05/2025 06:39:48,humedad,50,80,42
22/05/2025 06:39:48,iluminacion,200,1100,2791
22/05/2025 06:39:58,temperatura,17,29,25.2
22/05/2025 06:39:58,humedad,50,80,42
22/05/2025 06:39:58,iluminacion,200,1100,2789
22/05/2025 06:40:08,temperatura,17,29,25.3
22/05/2025 06:40:08,humedad,50,80,42
22/05/2025 06:40:08,iluminacion,200,1100,2793
22/05/2025 06:40:18,temperatura,17,29,25.4
22/05/2025 06:40:18,humedad,50,80,42
22/05/2025 06:40:18,iluminacion,200,1100,2794
22/05/2025 06:40:28,temperatura,17,29,25.4
22/05/2025 06:40:28,humedad,50,80,42
22/05/2025 06:40:28,iluminacion,200,1100,2788
22/05/2025 06:40:38,temperatura,17,29,25.4
22/05/2025 06:40:38,humedad,50,80,43
22/05/2025 06:40:38,iluminacion,200,1100,2781
22/05/2025 06:41:09,temperatura,17,29,25.5
22/05/2025 06:41:09,humedad,50,80,43
22/05/2025 06:41:09,iluminacion,200,1100,34
22/05/2025 06:41:19,temperatura,17,29,25.6
22/05/2025 06:41:19,humedad,50,80,43
22/05/2025 06:41:19,iluminacion,200,1100,2789
22/05/2025 06:41:29,temperatura,17,29,25.7
22/05/2025 06:41:29,humedad,50,80,43
22/05/2025 06:41:29,iluminacion,200,1100,2790
22/05/2025 06:41:39,temperatura,17,29,25.7
22/05/2025 06:41:39,humedad,50,80,43
22/05/2025 06:41:39,iluminacion,200,1100,2793
22/05/2025 06:41:49,temperatura,17,29,25.7
22/05/2025 06:41:49,humedad,50,80,43
22/05/2025 06:41:49,iluminacion,200,1100,2795
22/05/2025 06:41:59,temperatura,17,29,25.9
22/05/2025 06:41:59,humedad,50,80,42
22/05/2025 06:41:59,iluminacion,200,1100,2791
22/05/2025 06:42:09,temperatura,17,29,25.9
22/05/2025 06:42:09,humedad,50,80,43
22/05/2025 06:42:09,iluminacion,200,1100,2781
22/05/2025 06:42:19,temperatura,17,29,26
22/05/2025 06:42:19,humedad,50,80,43
22/05/2025 06:42:19,iluminacion,200,1100,2790
22/05/2025 06:42:29,temperatura,17,29,26
22/05/2025 06:42:29,humedad,50,80,43
22/05/2025 06:42:29,iluminacion,200,1100,2790
22/05/2025 06:42:39,temperatura,17,29,26.1
22/05/2025 06:42:39,humedad,50,80,43
22/05/2025 06:42:39,iluminacion,200,1100,2779
22/05/2025 06:42:49,temperatura,17,29,26.1
22/05/2025 06:42:49,humedad,50,80,43
22/05/2025 06:42:49,iluminacion,200,1100,2790
22/05/2025 06:42:59,temperatura,17,29,26.2
22/05/2025 06:42:59,humedad,50,80,43
22/05/2025 06:42:59,iluminacion,200,1100,2793
22/05/2025 06:43:09,temperatura,17,29,26.2
22/05/2025 06:43:09,humedad,50,80,43
22/05/2025 06:43:09,iluminacion,200,1100,2787
22/05/2025 06:43:19,temperatura,17,29,26.3
22/05/2025 06:43:19,humedad,50,80,43
22/05/2025 06:43:19,iluminacion,200,1100,2787
22/05/2025 06:43:29,temperatura,17,29,26.3
22/05/2025 06:43:29,humedad,50,80,43
22/05/2025 06:43:29,iluminacion,200,1100,2785
22/05/2025 06:43:39,temperatura,17,29,26.3
22/05/2025 06:43:39,humedad,50,80,43
22/05/2025 06:43:39,iluminacion,200,1100,2791
22/05/2025 06:43:49,temperatura,17,29,26.3
22/05/2025 06:43:49,humedad,50,80,43
22/05/2025 06:43:49,iluminacion,200,1100,2787
22/05/2025 06:43:59,temperatura,17,29,26.3
22/05/2025 06:43:59,humedad,50,80,43
22/05/2025 06:43:59,iluminacion,200,1100,2778
22/05/2025 06:44:09,temperatura,17,29,26.4
22/05/2025 06:44:09,humedad,50,80,43
22/05/2025 06:44:09,iluminacion,200,1100,2790
22/05/2025 06:44:19,temperatura,17,29,26.4
22/05/2025 06:44:19,humedad,50,80,43
22/05/2025 06:44:19,iluminacion,200,1100,2788
22/05/2025 06:44:29,temperatura,17,29,26.5
22/05/2025 06:44:29,humedad,50,80,43
22/05/2025 06:44:29,iluminacion,200,1100,2788
22/05/2025 06:44:39,temperatura,17,29,26.6
22/05/2025 06:44:39,humedad,50,80,43
22/05/2025 06:44:39,iluminacion,200,1100,2784
22/05/2025 06:45:19,temperatura,17,29,26.6
22/05/2025 06:45:19,humedad,50,80,43
22/05/2025 06:45:19,iluminacion,200,1100,105
22/05/2025 06:45:29,temperatura,17,29,26.6
22/05/2025 06:45:29,humedad,50,80,43
22/05/2025 06:45:29,iluminacion,200,1100,2778
22/05/2025 06:45:39,temperatura,17,29,26.6
22/05/2025 06:45:39,humedad,50,80,43
22/05/2025 06:45:39,iluminacion,200,1100,2788
22/05/2025 06:45:49,temperatura,17,29,26.6
22/05/2025 06:45:49,humedad,50,80,43
22/05/2025 06:45:49,iluminacion,200,1100,2789
22/05/2025 06:45:59,temperatura,17,29,26.6
22/05/2025 06:45:59,humedad,50,80,43
22/05/2025 06:45:59,iluminacion,200,1100,2764
22/05/2025 06:46:09,temperatura,17,29,26.6
22/05/2025 06:46:09,humedad,50,80,43
22/05/2025 06:46:09,iluminacion,200,1100,2782
22/05/2025 06:46:19,temperatura,17,29,26.7
22/05/2025 06:46:19,humedad,50,80,43
22/05/2025 06:46:19,iluminacion,200,1100,2785
22/05/2025 06:46:29,temperatura,17,29,26.7
22/05/2025 06:46:29,humedad,50,80,43
22/05/2025 06:46:29,iluminacion,200,1100,2783
22/05/2025 06:46:39,temperatura,17,29,26.7
22/05/2025 06:46:39,humedad,50,80,43
22/05/2025 06:46:39,iluminacion,200,1100,2783
22/05/2025 06:46:49,temperatura,17,29,26.7
22/05/2025 06:46:49,humedad,50,80,43
22/05/2025 06:46:49,iluminacion,200,1100,2774
22/05/2025 06:46:59,temperatura,17,29,26.7
22/05/2025 06:46:59,humedad,50,80,43
22/05/2025 06:46:59,iluminacion,200,1100,2782
22/05/2025 06:47:09,temperatura,17,29,26.8
22/05/2025 06:47:09,humedad,50,80,43
22/05/2025 06:47:09,iluminacion,200,1100,2782
22/05/2025 06:47:19,temperatura,17,29,26.7
22/05/2025 06:47:19,humedad,50,80,43
22/05/2025 06:47:19,iluminacion,200,1100,2783
22/05/2025 06:47:29,temperatura,17,29,26.7
22/05/2025 06:47:29,humedad,50,80,43
22/05/2025 06:47:29,iluminacion,200,1100,2783
22/05/2025 06:47:39,temperatura,17,29,26.8
22/05/2025 06:47:39,humedad,50,80,43
22/05/2025 06:47:39,iluminacion,200,1100,2781
22/05/2025 06:47:49,temperatura,17,29,26.9
22/05/2025 06:47:49,humedad,50,80,43
22/05/2025 06:47:49,iluminacion,200,1100,2781
22/05/2025 06:47:59,temperatura,17,29,26.9
22/05/2025 06:47:59,humedad,50,80,43
22/05/2025 06:47:59,iluminacion,200,1100,2782
22/05/2025 06:48:09,temperatura,17,29,26.9
22/05/2025 06:48:09,humedad,50,80,43
22/05/2025 06:48:09,iluminacion,200,1100,2779
22/05/2025 06:48:19,temperatura,17,29,26.9
22/05/2025 06:48:19,humedad,50,80,43
22/05/2025 06:48:19,iluminacion,200,1100,2779
22/05/2025 06:48:29,temperatura,17,29,26.9
22/05/2025 06:48:29,humedad,50,80,43
22/05/2025 06:48:29,iluminacion,200,1100,2779
22/05/2025 06:48:39,temperatura,17,29,26.9
22/05/2025 06:48:39,humedad,50,80,43
22/05/2025 06:48:39,iluminacion,200,1100,2781
22/05/2025 06:48:49,temperatura,17,29,26.9
22/05/2025 06:48:49,humedad,50,80,43
22/05/2025 06:48:49,iluminacion,200,1100,2779
22/05/2025 06:48:59,temperatura,17,29,26.9
22/05/2025 06:48:59,humedad,50,80,43
22/05/2025 06:48:59,iluminacion,200,1100,2779
22/05/2025 06:49:09,temperatura,17,29,26.9
22/05/2025 06:49:09,humedad,50,80,43
22/05/2025 06:49:09,iluminacion,200,1100,2778
22/05/2025 06:49:19,temperatura,17,29,27
22/05/2025 06:49:19,humedad,50,80,43
22/05/2025 06:49:19,iluminacion,200,1100,2781
22/05/2025 06:49:29,temperatura,17,29,27
22/05/2025 06:49:29,humedad,50,80,43
22/05/2025 06:49:29,iluminacion,200,1100,2779
22/05/2025 06:49:39,temperatura,17,29,27
22/05/2025 06:49:39,humedad,50,80,43
22/05/2025 06:49:39,iluminacion,200,1100,2779
22/05/2025 06:49:49,temperatura,17,29,27
22/05/2025 06:49:49,humedad,50,80,43
22/05/2025 06:49:49,iluminacion,200,1100,2777
22/05/2025 06:49:59,temperatura,17,29,27
22/05/2025 06:49:59,humedad,50,80,43
22/05/2025 06:49:59,iluminacion,200,1100,2779
22/05/2025 06:50:09,temperatura,17,29,27
22/05/2025 06:50:09,humedad,50,80,44
22/05/2025 06:50:09,iluminacion,200,1100,2778
22/05/2025 06:50:19,temperatura,17,29,27
22/05/2025 06:50:19,humedad,50,80,43
22/05/2025 06:50:19,iluminacion,200,1100,2779
22/05/2025 06:50:29,temperatura,17,29,27.1
22/05/2025 06:50:29,humedad,50,80,43
22/05/2025 06:50:29,iluminacion,200,1100,2779
22/05/2025 06:50:39,temperatura,17,29,27.1
22/05/2025 06:50:39,humedad,50,80,43
22/05/2025 06:50:39,iluminacion,200,1100,2783
22/05/2025 06:50:49,temperatura,17,29,27.1
22/05/2025 06:50:49,humedad,50,80,43
22/05/2025 06:50:49,iluminacion,200,1100,2775
22/05/2025 06:50:59,temperatura,17,29,27.1
22/05/2025 06:50:59,humedad,50,80,43
22/05/2025 06:50:59,iluminacion,200,1100,2780
22/05/2025 06:51:09,temperatura,17,29,27.1
22/05/2025 06:51:09,humedad,50,80,43
22/05/2025 06:51:09,iluminacion,200,1100,2779
22/05/2025 06:51:19,temperatura,17,29,27.1
22/05/2025 06:51:19,humedad,50,80,43
22/05/2025 06:51:19,iluminacion,200,1100,2777
22/05/2025 06:51:29,temperatura,17,29,27.1
22/05/2025 06:51:29,humedad,50,80,43
22/05/2025 06:51:29,iluminacion,200,1100,2770
22/05/2025 06:51:39,temperatura,17,29,27.1
22/05/2025 06:51:39,humedad,50,80,43
22/05/2025 06:51:39,iluminacion,200,1100,2775
22/05/2025 06:51:49,temperatura,17,29,27.1
22/05/2025 06:51:49,humedad,50,80,43
22/05/2025 06:51:49,iluminacion,200,1100,2773
22/05/2025 06:51:59,temperatura,17,29,27.2
22/05/2025 06:51:59,humedad,50,80,44
22/05/2025 06:51:59,iluminacion,200,1100,2778
22/05/2025 06:52:09,temperatura,17,29,27.1
22/05/2025 06:52:09,humedad,50,80,44
22/05/2025 06:52:09,iluminacion,200,1100,2768
22/05/2025 06:52:19,temperatura,17,29,27.2
22/05/2025 06:52:19,humedad,50,80,44
22/05/2025 06:52:19,iluminacion,200,1100,2773
22/05/2025 06:52:29,temperatura,17,29,27.2
22/05/2025 06:52:29,humedad,50,80,44
22/05/2025 06:52:29,iluminacion,200,1100,2773
22/05/2025 06:52:39,temperatura,17,29,27.2
22/05/2025 06:52:39,humedad,50,80,44
22/05/2025 06:52:39,iluminacion,200,1100,2773
22/05/2025 06:52:49,temperatura,17,29,27.2
22/05/2025 06:52:49,humedad,50,80,44
22/05/2025 06:52:49,iluminacion,200,1100,2774
22/05/2025 06:52:59,temperatura,17,29,27.2
22/05/2025 06:52:59,humedad,50,80,44
22/05/2025 06:52:59,iluminacion,200,1100,2775
22/05/2025 06:53:09,temperatura,17,29,27.2
22/05/2025 06:53:09,humedad,50,80,44
22/05/2025 06:53:09,iluminacion,200,1100,2775
22/05/2025 06:53:19,temperatura,17,29,27.2
22/05/2025 06:53:19,humedad,50,80,44
22/05/2025 06:53:19,iluminacion,200,1100,2775
22/05/2025 06:53:29,temperatura,17,29,27.2
22/05/2025 06:53:29,humedad,50,80,44
22/05/2025 06:53:29,iluminacion,200,1100,2773
22/05/2025 06:53:39,temperatura,17,29,27.2
22/05/2025 06:53:39,humedad,50,80,44
22/05/2025 06:53:39,iluminacion,200,1100,2773
22/05/2025 06:53:49,temperatura,17,29,27.2
22/05/2025 06:53:49,humedad,50,80,44
22/05/2025 06:53:49,iluminacion,200,1100,2773
22/05/2025 06:53:59,temperatura,17,29,27.2
22/05/2025 06:53:59,humedad,50,80,44
22/05/2025 06:53:59,iluminacion,200,1100,2772
22/05/2025 06:54:09,temperatura,17,29,27.2
22/05/2025 06:54:09,humedad,50,80,44
22/05/2025 06:54:09,iluminacion,200,1100,2774
22/05/2025 06:54:19,temperatura,17,29,27.2
22/05/2025 06:54:19,humedad,50,80,43
22/05/2025 06:54:19,iluminacion,200,1100,2768
22/05/2025 06:54:29,temperatura,17,29,27.2
22/05/2025 06:54:29,humedad,50,80,43
22/05/2025 06:54:29,iluminacion,200,1100,2770
22/05/2025 06:54:39,temperatura,17,29,27.3
22/05/2025 06:54:39,humedad,50,80,44
22/05/2025 06:54:39,iluminacion,200,1100,2770
22/05/2025 06:54:49,temperatura,17,29,27.3
22/05/2025 06:54:49,humedad,50,80,44
22/05/2025 06:54:49,iluminacion,200,1100,2769
22/05/2025 06:54:59,temperatura,17,29,27.3
22/05/2025 06:54:59,humedad,50,80,44
22/05/2025 06:54:59,iluminacion,200,1100,2768
22/05/2025 06:55:09,temperatura,17,29,27.3
22/05/2025 06:55:09,humedad,50,80,44
22/05/2025 06:55:09,iluminacion,200,1100,2768
22/05/2025 06:55:19,temperatura,17,29,27.4
22/05/2025 06:55:19,humedad,50,80,44
22/05/2025 06:55:19,iluminacion,200,1100,2770
22/05/2025 06:55:29,temperatura,17,29,27.4
22/05/2025 06:55:29,humedad,50,80,44
22/05/2025 06:55:29,iluminacion,200,1100,2768
22/05/2025 06:55:39,temperatura,17,29,27.4
22/05/2025 06:55:39,humedad,50,80,44
22/05/2025 06:55:39,iluminacion,200,1100,2768
22/05/2025 06:55:49,temperatura,17,29,27.4
22/05/2025 06:55:49,humedad,50,80,44
22/05/2025 06:55:49,iluminacion,200,1100,2769
22/05/2025 06:55:59,temperatura,17,29,27.4
22/05/2025 06:55:59,humedad,50,80,44
22/05/2025 06:55:59,iluminacion,200,1100,2768
22/05/2025 06:56:09,temperatura,17,29,27.4
22/05/2025 06:56:09,humedad,50,80,44
22/05/2025 06:56:09,iluminacion,200,1100,2769
22/05/2025 06:56:19,temperatura,17,29,27.4
22/05/2025 06:56:19,humedad,50,80,44
22/05/2025 06:56:19,iluminacion,200,1100,2770
22/05/2025 06:56:29,temperatura,17,29,27.4
22/05/2025 06:56:29,humedad,50,80,44
22/05/2025 06:56:29,iluminacion,200,1100,2769
22/05/2025 06:56:39,temperatura,17,29,27.4
22/05/2025 06:56:39,humedad,50,80,44
22/05/2025 06:56:39,iluminacion,200,1100,2768
22/05/2025 06:56:49,temperatura,17,29,27.4
22/05/2025 06:56:49,humedad,50,80,44
22/05/2025 06:56:49,iluminacion,200,1100,2768
22/05/2025 06:56:59,temperatura,17,29,27.4
22/05/2025 06:56:59,humedad,50,80,44
22/05/2025 06:56:59,iluminacion,200,1100,2771
22/05/2025 06:57:09,temperatura,17,29,27.4
22/05/2025 06:57:09,humedad,50,80,44
22/05/2025 06:57:09,iluminacion,200,1100,2768
22/05/2025 06:57:19,temperatura,17,29,27.4
22/05/2025 06:57:19,humedad,50,80,44
22/05/2025 06:57:19,iluminacion,200,1100,2770
22/05/2025 06:57:29,temperatura,17,29,27.4
22/05/2025 06:57:29,humedad,50,80,44
22/05/2025 06:57:29,iluminacion,200,1100,2759
22/05/2025 06:57:39,temperatura,17,29,27.4
22/05/2025 06:57:39,humedad,50,80,44
22/05/2025 06:57:39,iluminacion,200,1100,2769
22/05/2025 06:57:49,temperatura,17,29,27.4
22/05/2025 06:57:49,humedad,50,80,44
22/05/2025 06:57:49,iluminacion,200,1100,2766
22/05/2025 06:57:59,temperatura,17,29,27.5
22/05/2025 06:57:59,humedad,50,80,43
22/05/2025 06:57:59,iluminacion,200,1100,2768
22/05/2025 06:58:09,temperatura,17,29,27.5
22/05/2025 06:58:09,humedad,50,80,44
22/05/2025 06:58:09,iluminacion,200,1100,2768
22/05/2025 06:58:19,temperatura,17,29,27.5
22/05/2025 06:58:19,humedad,50,80,44
22/05/2025 06:58:19,iluminacion,200,1100,2752
22/05/2025 06:58:29,temperatura,17,29,27.4
22/05/2025 06:58:29,humedad,50,80,44
22/05/2025 06:58:29,iluminacion,200,1100,2770
22/05/2025 06:58:39,temperatura,17,29,27.5
22/05/2025 06:58:39,humedad,50,80,43
22/05/2025 06:58:39,iluminacion,200,1100,2768
22/05/2025 06:58:49,temperatura,17,29,27.5
22/05/2025 06:58:49,humedad,50,80,43
22/05/2025 06:58:49,iluminacion,200,1100,2763
22/05/2025 06:58:59,temperatura,17,29,27.5
22/05/2025 06:58:59,humedad,50,80,44
22/05/2025 06:58:59,iluminacion,200,1100,2768
22/05/2025 06:59:09,temperatura,17,29,27.5
22/05/2025 06:59:09,humedad,50,80,44
22/05/2025 06:59:09,iluminacion,200,1100,2768
22/05/2025 06:59:19,temperatura,17,29,27.5
22/05/2025 06:59:19,humedad,50,80,44
22/05/2025 06:59:19,iluminacion,200,1100,2769
22/05/2025 06:59:29,temperatura,17,29,27.5
22/05/2025 06:59:29,humedad,50,80,43
22/05/2025 06:59:29,iluminacion,200,1100,2768
22/05/2025 06:59:39,temperatura,17,29,27.6
22/05/2025 06:59:39,humedad,50,80,43
22/05/2025 06:59:39,iluminacion,200,1100,2768
22/05/2025 06:59:49,temperatura,17,29,27.6
22/05/2025 06:59:49,humedad,50,80,43
22/05/2025 06:59:49,iluminacion,200,1100,2769
22/05/2025 06:59:59,temperatura,17,29,27.6
22/05/2025 06:59:59,humedad,50,80,43
22/05/2025 06:59:59,iluminacion,200,1100,2768
22/05/2025 07:00:09,temperatura,17,29,27.6
22/05/2025 07:00:09,humedad,50,80,43
22/05/2025 07:00:09,iluminacion,200,1100,2768
22/05/2025 07:00:19,temperatura,17,29,27.6
22/05/2025 07:00:19,humedad,50,80,43
22/05/2025 07:00:19,iluminacion,200,1100,2770
22/05/2025 07:00:29,temperatura,17,29,27.6
22/05/2025 07:00:29,humedad,50,80,43
22/05/2025 07:00:29,iluminacion,200,1100,2769
22/05/2025 07:00:39,temperatura,17,29,27.6
22/05/2025 07:00:39,humedad,50,80,43
22/05/2025 07:00:39,iluminacion,200,1100,2768
22/05/2025 07:00:49,temperatura,17,29,27.6
22/05/2025 07:00:49,humedad,50,80,43
22/05/2025 07:00:49,iluminacion,200,1100,2769
22/05/2025 07:00:59,temperatura,17,29,27.7
22/05/2025 07:00:59,humedad,50,80,43
22/05/2025 07:00:59,iluminacion,200,1100,2767
22/05/2025 07:01:09,temperatura,17,29,27.7
22/05/2025 07:01:09,humedad,50,80,43
22/05/2025 07:01:09,iluminacion,200,1100,2768
22/05/2025 07:01:19,temperatura,17,29,27.7
22/05/2025 07:01:19,humedad,50,80,43
22/05/2025 07:01:19,iluminacion,200,1100,2769
22/05/2025 07:01:29,temperatura,17,29,27.7
22/05/2025 07:01:29,humedad,50,80,43
22/05/2025 07:01:29,iluminacion,200,1100,2770
22/05/2025 07:01:39,temperatura,17,29,27.7
22/05/2025 07:01:39,humedad,50,80,43
22/05/2025 07:01:39,iluminacion,200,1100,2768
22/05/2025 07:01:49,temperatura,17,29,27.7
22/05/2025 07:01:49,humedad,50,80,43
22/05/2025 07:01:49,iluminacion,200,1100,2768
22/05/2025 07:01:59,temperatura,17,29,27.7
22/05/2025 07:01:59,humedad,50,80,43
22/05/2025 07:01:59,iluminacion,200,1100,2768
22/05/2025 07:02:09,temperatura,17,29,27.7
22/05/2025 07:02:09,humedad,50,80,43
22/05/2025 07:02:09,iluminacion,200,1100,2767
22/05/2025 07:02:19,temperatura,17,29,27.7
22/05/2025 07:02:19,humedad,50,80,43
22/05/2025 07:02:19,iluminacion,200,1100,2767
22/05/2025 07:02:29,temperatura,17,29,27.8
22/05/2025 07:02:29,humedad,50,80,43
22/05/2025 07:02:29,iluminacion,200,1100,2769
22/05/2025 07:02:39,temperatura,17,29,27.8
22/05/2025 07:02:39,humedad,50,80,43
22/05/2025 07:02:39,iluminacion,200,1100,2769
22/05/2025 07:02:49,temperatura,17,29,27.8
22/05/2025 07:02:49,humedad,50,80,43
22/05/2025 07:02:49,iluminacion,200,1100,2770
22/05/2025 07:02:59,temperatura,17,29,27.9
22/05/2025 07:02:59,humedad,50,80,43
22/05/2025 07:02:59,iluminacion,200,1100,2768
22/05/2025 07:03:09,temperatura,17,29,27.9
22/05/2025 07:03:09,humedad,50,80,43
22/05/2025 07:03:09,iluminacion,200,1100,2763
22/05/2025 07:03:19,temperatura,17,29,27.9
22/05/2025 07:03:19,humedad,50,80,42
22/05/2025 07:03:19,iluminacion,200,1100,2769
22/05/2025 07:03:29,temperatura,17,29,27.9
22/05/2025 07:03:29,humedad,50,80,43
22/05/2025 07:03:29,iluminacion,200,1100,2768
22/05/2025 07:03:39,temperatura,17,29,27.9
22/05/2025 07:03:39,humedad,50,80,42
22/05/2025 07:03:39,iluminacion,200,1100,2769
22/05/2025 07:03:49,temperatura,17,29,27.9
22/05/2025 07:03:49,humedad,50,80,43
22/05/2025 07:03:49,iluminacion,200,1100,2768
22/05/2025 07:03:59,temperatura,17,29,27.9
22/05/2025 07:03:59,humedad,50,80,43
22/05/2025 07:03:59,iluminacion,200,1100,2768
22/05/2025 07:04:09,temperatura,17,29,27.9
22/05/2025 07:04:09,humedad,50,80,43
22/05/2025 07:04:09,iluminacion,200,1100,2761
22/05/2025 07:04:19,temperatura,17,29,28
22/05/2025 07:04:19,humedad,50,80,44
22/05/2025 07:04:19,iluminacion,200,1100,2770
22/05/2025 07:04:29,temperatura,17,29,28
22/05/2025 07:04:29,humedad,50,80,44
22/05/2025 07:04:29,iluminacion,200,1100,2768
22/05/2025 07:04:39,temperatura,17,29,28
22/05/2025 07:04:39,humedad,50,80,44
22/05/2025 07:04:39,iluminacion,200,1100,2768
22/05/2025 07:04:49,temperatura,17,29,28
22/05/2025 07:04:49,humedad,50,80,44
22/05/2025 07:04:49,iluminacion,200,1100,2768
22/05/2025 07:04:59,temperatura,17,29,28
22/05/2025 07:04:59,humedad,50,80,43
22/05/2025 07:04:59,iluminacion,200,1100,2769
22/05/2025 07:05:09,temperatura,17,29,28
22/05/2025 07:05:09,humedad,50,80,44
22/05/2025 07:05:09,iluminacion,200,1100,2769
22/05/2025 07:05:19,temperatura,17,29,28
22/05/2025 07:05:19,humedad,50,80,43
22/05/2025 07:05:19,iluminacion,200,1100,2773
22/05/2025 07:05:29,temperatura,17,29,28
22/05/2025 07:05:29,humedad,50,80,43
22/05/2025 07:05:29,iluminacion,200,1100,2770
22/05/2025 07:05:39,temperatura,17,29,28
22/05/2025 07:05:39,humedad,50,80,43
22/05/2025 07:05:39,iluminacion,200,1100,2770
22/05/2025 07:05:49,temperatura,17,29,28
22/05/2025 07:05:49,humedad,50,80,43
22/05/2025 07:05:49,iluminacion,200,1100,2769
22/05/2025 07:05:59,temperatura,17,29,28
22/05/2025 07:05:59,humedad,50,80,43
22/05/2025 07:05:59,iluminacion,200,1100,2771
22/05/2025 07:06:09,temperatura,17,29,28
22/05/2025 07:06:09,humedad,50,80,43
22/05/2025 07:06:09,iluminacion,200,1100,2773
22/05/2025 07:06:19,temperatura,17,29,28
22/05/2025 07:06:19,humedad,50,80,43
22/05/2025 07:06:19,iluminacion,200,1100,2769
22/05/2025 07:06:29,temperatura,17,29,28
22/05/2025 07:06:29,humedad,50,80,43
22/05/2025 07:06:29,iluminacion,200,1100,2769
22/05/2025 07:06:39,temperatura,17,29,28
22/05/2025 07:06:39,humedad,50,80,43
22/05/2025 07:06:39,iluminacion,200,1100,2771
22/05/2025 07:06:49,temperatura,17,29,28
22/05/2025 07:06:49,humedad,50,80,43
22/05/2025 07:06:49,iluminacion,200,1100,2771
22/05/2025 07:06:59,temperatura,17,29,28.1
22/05/2025 07:06:59,humedad,50,80,43
22/05/2025 07:06:59,iluminacion,200,1100,2769
22/05/2025 07:07:09,temperatura,17,29,28.1
22/05/2025 07:07:09,humedad,50,80,43
22/05/2025 07:07:09,iluminacion,200,1100,2769
22/05/2025 07:07:19,temperatura,17,29,28.1
22/05/2025 07:07:19,humedad,50,80,43
22/05/2025 07:07:19,iluminacion,200,1100,2772
22/05/2025 07:07:29,temperatura,17,29,28.1
22/05/2025 07:07:29,humedad,50,80,42
22/05/2025 07:07:29,iluminacion,200,1100,2771
22/05/2025 07:07:39,temperatura,17,29,28.1
22/05/2025 07:07:39,humedad,50,80,42
22/05/2025 07:07:39,iluminacion,200,1100,2769
22/05/2025 07:07:49,temperatura,17,29,28.1
22/05/2025 07:07:49,humedad,50,80,42
22/05/2025 07:07:49,iluminacion,200,1100,2771
22/05/2025 07:07:59,temperatura,17,29,28.2
22/05/2025 07:07:59,humedad,50,80,42
22/05/2025 07:07:59,iluminacion,200,1100,2771
22/05/2025 07:08:42,temperatura,17,29,28.1
22/05/2025 07:08:42,humedad,50,80,42
22/05/2025 07:08:42,iluminacion,200,1100,116
22/05/2025 07:08:52,temperatura,17,29,28.1
22/05/2025 07:08:52,humedad,50,80,42
22/05/2025 07:08:52,iluminacion,200,1100,2762
22/05/2025 07:09:02,temperatura,17,29,28.1
22/05/2025 07:09:02,humedad,50,80,41
22/05/2025 07:09:02,iluminacion,200,1100,2779
22/05/2025 07:09:12,temperatura,17,29,28
22/05/2025 07:09:12,humedad,50,80,41
22/05/2025 07:09:12,iluminacion,200,1100,2787
22/05/2025 07:10:02,temperatura,17,29,27.8
22/05/2025 07:10:02,humedad,50,80,46
22/05/2025 07:10:02,iluminacion,200,1100,29
22/05/2025 07:10:12,temperatura,17,29,27.5
22/05/2025 07:10:12,humedad,50,80,39
22/05/2025 07:10:12,iluminacion,200,1100,2765
22/05/2025 07:10:22,temperatura,17,29,27.5
22/05/2025 07:10:22,humedad,50,80,39
22/05/2025 07:10:22,iluminacion,200,1100,2774
22/05/2025 07:10:32,temperatura,17,29,27.5
22/05/2025 07:10:32,humedad,50,80,39
22/05/2025 07:10:32,iluminacion,200,1100,2768
22/05/2025 07:10:42,temperatura,17,29,27.5
22/05/2025 07:10:42,humedad,50,80,40
22/05/2025 07:10:42,iluminacion,200,1100,2770
22/05/2025 07:10:52,temperatura,17,29,27.4
22/05/2025 07:10:52,humedad,50,80,40
22/05/2025 07:10:52,iluminacion,200,1100,2769
22/05/2025 07:11:02,temperatura,17,29,27.4
22/05/2025 07:11:02,humedad,50,80,40
22/05/2025 07:11:02,iluminacion,200,1100,2771
22/05/2025 07:11:12,temperatura,17,29,27.3
22/05/2025 07:11:12,humedad,50,80,39
22/05/2025 07:11:12,iluminacion,200,1100,2769
22/05/2025 07:11:22,temperatura,17,29,27.3
22/05/2025 07:11:22,humedad,50,80,40
22/05/2025 07:11:22,iluminacion,200,1100,2769
22/05/2025 07:11:32,temperatura,17,29,27.2
22/05/2025 07:11:32,humedad,50,80,39
22/05/2025 07:11:32,iluminacion,200,1100,2759
22/05/2025 07:11:42,temperatura,17,29,27.2
22/05/2025 07:11:42,humedad,50,80,39
22/05/2025 07:11:42,iluminacion,200,1100,2770
22/05/2025 07:11:52,temperatura,17,29,27.2
22/05/2025 07:11:52,humedad,50,80,39
22/05/2025 07:11:52,iluminacion,200,1100,2768
22/05/2025 07:12:02,temperatura,17,29,27.1
22/05/2025 07:12:02,humedad,50,80,39
22/05/2025 07:12:02,iluminacion,200,1100,2770
22/05/2025 07:12:12,temperatura,17,29,27.1
22/05/2025 07:12:12,humedad,50,80,39
22/05/2025 07:12:12,iluminacion,200,1100,2770
22/05/2025 07:12:22,temperatura,17,29,27.1
22/05/2025 07:12:22,humedad,50,80,39
22/05/2025 07:12:22,iluminacion,200,1100,2768
22/05/2025 07:12:32,temperatura,17,29,27
22/05/2025 07:12:32,humedad,50,80,39
22/05/2025 07:12:32,iluminacion,200,1100,2774
22/05/2025 07:12:42,temperatura,17,29,27
22/05/2025 07:12:42,humedad,50,80,39
22/05/2025 07:12:42,iluminacion,200,1100,2775
22/05/2025 07:12:52,temperatura,17,29,27
22/05/2025 07:12:52,humedad,50,80,39
22/05/2025 07:12:52,iluminacion,200,1100,2773
22/05/2025 07:13:02,temperatura,17,29,27
22/05/2025 07:13:02,humedad,50,80,41
22/05/2025 07:13:02,iluminacion,200,1100,2759
22/05/2025 07:13:12,temperatura,17,29,27
22/05/2025 07:13:12,humedad,50,80,39
22/05/2025 07:13:12,iluminacion,200,1100,2779
22/05/2025 07:13:22,temperatura,17,29,26.9
22/05/2025 07:13:22,humedad,50,80,40
22/05/2025 07:13:22,iluminacion,200,1100,2774
22/05/2025 07:13:32,temperatura,17,29,26.9
22/05/2025 07:13:32,humedad,50,80,39
22/05/2025 07:13:32,iluminacion,200,1100,2770
22/05/2025 07:13:42,temperatura,17,29,26.9
22/05/2025 07:13:42,humedad,50,80,39
22/05/2025 07:13:42,iluminacion,200,1100,2778
22/05/2025 07:13:52,temperatura,17,29,26.9
22/05/2025 07:13:52,humedad,50,80,39
22/05/2025 07:13:52,iluminacion,200,1100,2774
22/05/2025 07:14:02,temperatura,17,29,26.9
22/05/2025 07:14:02,humedad,50,80,39
22/05/2025 07:14:02,iluminacion,200,1100,2774
22/05/2025 07:14:12,temperatura,17,29,26.9
22/05/2025 07:14:12,humedad,50,80,39
22/05/2025 07:14:12,iluminacion,200,1100,2775
22/05/2025 07:14:22,temperatura,17,29,26.8
22/05/2025 07:14:22,humedad,50,80,39
22/05/2025 07:14:22,iluminacion,200,1100,2775
22/05/2025 07:14:32,temperatura,17,29,26.8
22/05/2025 07:14:32,humedad,50,80,39
22/05/2025 07:14:32,iluminacion,200,1100,2774
22/05/2025 07:14:42,temperatura,17,29,26.8
22/05/2025 07:14:42,humedad,50,80,39
22/05/2025 07:14:42,iluminacion,200,1100,2773
22/05/2025 07:14:52,temperatura,17,29,26.7
22/05/2025 07:14:52,humedad,50,80,39
22/05/2025 07:14:52,iluminacion,200,1100,2779
22/05/2025 07:15:02,temperatura,17,29,26.7
22/05/2025 07:15:02,humedad,50,80,39
22/05/2025 07:15:02,iluminacion,200,1100,2774
22/05/2025 07:15:12,temperatura,17,29,26.7
22/05/2025 07:15:12,humedad,50,80,39
22/05/2025 07:15:12,iluminacion,200,1100,2771
22/05/2025 07:15:22,temperatura,17,29,26.7
22/05/2025 07:15:22,humedad,50,80,39
22/05/2025 07:15:22,iluminacion,200,1100,2773
22/05/2025 07:15:32,temperatura,17,29,26.7
22/05/2025 07:15:32,humedad,50,80,39
22/05/2025 07:15:32,iluminacion,200,1100,2775
22/05/2025 07:15:42,temperatura,17,29,26.7
22/05/2025 07:15:42,humedad,50,80,39
22/05/2025 07:15:42,iluminacion,200,1100,2794
22/05/2025 07:15:52,temperatura,17,29,26.7
22/05/2025 07:15:52,humedad,50,80,38
22/05/2025 07:15:52,iluminacion,200,1100,2778
22/05/2025 07:16:02,temperatura,17,29,26.7
22/05/2025 07:16:02,humedad,50,80,38
22/05/2025 07:16:02,iluminacion,200,1100,2779
22/05/2025 07:16:12,temperatura,17,29,26.7
22/05/2025 07:16:12,humedad,50,80,39
22/05/2025 07:16:12,iluminacion,200,1100,2773
22/05/2025 07:16:22,temperatura,17,29,26.6
22/05/2025 07:16:22,humedad,50,80,39
22/05/2025 07:16:22,iluminacion,200,1100,2780
22/05/2025 07:16:32,temperatura,17,29,26.6
22/05/2025 07:16:32,humedad,50,80,38
22/05/2025 07:16:32,iluminacion,200,1100,2773
22/05/2025 07:16:42,temperatura,17,29,26.6
22/05/2025 07:16:42,humedad,50,80,38
22/05/2025 07:16:42,iluminacion,200,1100,2774
22/05/2025 07:16:52,temperatura,17,29,26.6
22/05/2025 07:16:52,humedad,50,80,38
22/05/2025 07:16:52,iluminacion,200,1100,2766
22/05/2025 07:17:02,temperatura,17,29,26.6
22/05/2025 07:17:02,humedad,50,80,38
22/05/2025 07:17:02,iluminacion,200,1100,2773
22/05/2025 07:17:12,temperatura,17,29,26.6
22/05/2025 07:17:12,humedad,50,80,38
22/05/2025 07:17:12,iluminacion,200,1100,2770
22/05/2025 07:17:22,temperatura,17,29,26.6
22/05/2025 07:17:22,humedad,50,80,38
22/05/2025 07:17:22,iluminacion,200,1100,2774
22/05/2025 07:17:32,temperatura,17,29,26.5
22/05/2025 07:17:32,humedad,50,80,38
22/05/2025 07:17:32,iluminacion,200,1100,2767
22/05/2025 07:17:42,temperatura,17,29,26.5
22/05/2025 07:17:42,humedad,50,80,38
22/05/2025 07:17:42,iluminacion,200,1100,2773
22/05/2025 07:17:52,temperatura,17,29,26.4
22/05/2025 07:17:52,humedad,50,80,38
22/05/2025 07:17:52,iluminacion,200,1100,2777
22/05/2025 07:18:02,temperatura,17,29,26.4
22/05/2025 07:18:02,humedad,50,80,39
22/05/2025 07:18:02,iluminacion,200,1100,2771
22/05/2025 07:18:12,temperatura,17,29,26.4
22/05/2025 07:18:12,humedad,50,80,39
22/05/2025 07:18:12,iluminacion,200,1100,2775
22/05/2025 07:18:22,temperatura,17,29,26.4
22/05/2025 07:18:22,humedad,50,80,38
22/05/2025 07:18:22,iluminacion,200,1100,2773
22/05/2025 07:18:32,temperatura,17,29,26.3
22/05/2025 07:18:32,humedad,50,80,38
22/05/2025 07:18:32,iluminacion,200,1100,2777
22/05/2025 07:18:42,temperatura,17,29,26.3
22/05/2025 07:18:42,humedad,50,80,38
22/05/2025 07:18:42,iluminacion,200,1100,2776
22/05/2025 07:18:52,temperatura,17,29,26.3
22/05/2025 07:18:52,humedad,50,80,38
22/05/2025 07:18:52,iluminacion,200,1100,2202
22/05/2025 07:19:02,temperatura,17,29,26.3
22/05/2025 07:19:02,humedad,50,80,38
22/05/2025 07:19:02,iluminacion,200,1100,2283
22/05/2025 07:19:12,temperatura,17,29,26.3
22/05/2025 07:19:12,humedad,50,80,38
22/05/2025 07:19:12,iluminacion,200,1100,2288
22/05/2025 07:19:22,temperatura,17,29,26.2
22/05/2025 07:19:22,humedad,50,80,38
22/05/2025 07:19:22,iluminacion,200,1100,2288
22/05/2025 07:19:32,temperatura,17,29,26.2
22/05/2025 07:19:32,humedad,50,80,38
22/05/2025 07:19:32,iluminacion,200,1100,2288
22/05/2025 07:19:42,temperatura,17,29,26.1
22/05/2025 07:19:42,humedad,50,80,38
22/05/2025 07:19:42,iluminacion,200,1100,2290
22/05/2025 07:19:52,temperatura,17,29,26.1
22/05/2025 07:19:52,humedad,50,80,38
22/05/2025 07:19:52,iluminacion,200,1100,2288
22/05/2025 07:20:02,temperatura,17,29,26.1
22/05/2025 07:20:02,humedad,50,80,38
22/05/2025 07:20:02,iluminacion,200,1100,2291
22/05/2025 07:20:12,temperatura,17,29,26.1
22/05/2025 07:20:12,humedad,50,80,38
22/05/2025 07:20:12,iluminacion,200,1100,2292
22/05/2025 07:20:22,temperatura,17,29,26.1
22/05/2025 07:20:22,humedad,50,80,38
22/05/2025 07:20:22,iluminacion,200,1100,2288
22/05/2025 07:20:32,temperatura,17,29,26.1
22/05/2025 07:20:32,humedad,50,80,39
22/05/2025 07:20:32,iluminacion,200,1100,2285
22/05/2025 07:20:42,temperatura,17,29,26.1
22/05/2025 07:20:42,humedad,50,80,39
22/05/2025 07:20:42,iluminacion,200,1100,2288
22/05/2025 07:20:52,temperatura,17,29,26.1
22/05/2025 07:20:52,humedad,50,80,39
22/05/2025 07:20:52,iluminacion,200,1100,2288
22/05/2025 07:21:02,temperatura,17,29,26
22/05/2025 07:21:02,humedad,50,80,39
22/05/2025 07:21:02,iluminacion,200,1100,2289
22/05/2025 07:21:12,temperatura,17,29,26.1
22/05/2025 07:21:12,humedad,50,80,38
22/05/2025 07:21:12,iluminacion,200,1100,2284
22/05/2025 07:21:22,temperatura,17,29,26
22/05/2025 07:21:22,humedad,50,80,38
22/05/2025 07:21:22,iluminacion,200,1100,2289
22/05/2025 07:21:32,temperatura,17,29,26
22/05/2025 07:21:32,humedad,50,80,38
22/05/2025 07:21:32,iluminacion,200,1100,2289
22/05/2025 07:21:42,temperatura,17,29,26
22/05/2025 07:21:42,humedad,50,80,38
22/05/2025 07:21:42,iluminacion,200,1100,2282
22/05/2025 07:21:52,temperatura,17,29,26
22/05/2025 07:21:52,humedad,50,80,38
22/05/2025 07:21:52,iluminacion,200,1100,2288
22/05/2025 07:22:02,temperatura,17,29,26
22/05/2025 07:22:02,humedad,50,80,38
22/05/2025 07:22:02,iluminacion,200,1100,2288
22/05/2025 07:22:12,temperatura,17,29,26
22/05/2025 07:22:12,humedad,50,80,38
22/05/2025 07:22:12,iluminacion,200,1100,2282
22/05/2025 07:22:22,temperatura,17,29,26
22/05/2025 07:22:22,humedad,50,80,38
22/05/2025 07:22:22,iluminacion,200,1100,2291
22/05/2025 07:22:32,temperatura,17,29,26
22/05/2025 07:22:32,humedad,50,80,38
22/05/2025 07:22:32,iluminacion,200,1100,2277
22/05/2025 07:22:42,temperatura,17,29,26
22/05/2025 07:22:42,humedad,50,80,38
22/05/2025 07:22:42,iluminacion,200,1100,2289
22/05/2025 07:22:52,temperatura,17,29,26
22/05/2025 07:22:52,humedad,50,80,38
22/05/2025 07:22:52,iluminacion,200,1100,2288
22/05/2025 07:23:02,temperatura,17,29,26
22/05/2025 07:23:02,humedad,50,80,39
22/05/2025 07:23:02,iluminacion,200,1100,2283
22/05/2025 07:23:12,temperatura,17,29,26
22/05/2025 07:23:12,humedad,50,80,39
22/05/2025 07:23:12,iluminacion,200,1100,2288
22/05/2025 07:23:22,temperatura,17,29,26
22/05/2025 07:23:22,humedad,50,80,39
22/05/2025 07:23:22,iluminacion,200,1100,2288
22/05/2025 07:23:32,temperatura,17,29,26
22/05/2025 07:23:32,humedad,50,80,40
22/05/2025 07:23:32,iluminacion,200,1100,2289
22/05/2025 07:23:42,temperatura,17,29,26.1
22/05/2025 07:23:42,humedad,50,80,40
22/05/2025 07:23:42,iluminacion,200,1100,2287
22/05/2025 07:23:52,temperatura,17,29,26.1
22/05/2025 07:23:52,humedad,50,80,40
22/05/2025 07:23:52,iluminacion,200,1100,2283
22/05/2025 07:24:02,temperatura,17,29,26.1
22/05/2025 07:24:02,humedad,50,80,40
22/05/2025 07:24:02,iluminacion,200,1100,2278
22/05/2025 07:24:12,temperatura,17,29,26.2
22/05/2025 07:24:12,humedad,50,80,40
22/05/2025 07:24:12,iluminacion,200,1100,2288
22/05/2025 07:24:22,temperatura,17,29,26.2
22/05/2025 07:24:22,humedad,50,80,40
22/05/2025 07:24:22,iluminacion,200,1100,2286
22/05/2025 07:24:32,temperatura,17,29,26.2
22/05/2025 07:24:32,humedad,50,80,41
22/05/2025 07:24:32,iluminacion,200,1100,2288
22/05/2025 07:24:42,temperatura,17,29,26.3
22/05/2025 07:24:42,humedad,50,80,40
22/05/2025 07:24:42,iluminacion,200,1100,2288
22/05/2025 07:24:52,temperatura,17,29,26.2
22/05/2025 07:24:52,humedad,50,80,40
22/05/2025 07:24:52,iluminacion,200,1100,2288
22/05/2025 07:25:02,temperatura,17,29,26.3
22/05/2025 07:25:02,humedad,50,80,41
22/05/2025 07:25:02,iluminacion,200,1100,2288
22/05/2025 07:25:12,temperatura,17,29,26.3
22/05/2025 07:25:12,humedad,50,80,41
22/05/2025 07:25:12,iluminacion,200,1100,2283
22/05/2025 07:25:22,temperatura,17,29,26.3
22/05/2025 07:25:22,humedad,50,80,41
22/05/2025 07:25:22,iluminacion,200,1100,2288
22/05/2025 07:25:32,temperatura,17,29,26.3
22/05/2025 07:25:32,humedad,50,80,41
22/05/2025 07:25:32,iluminacion,200,1100,2286
22/05/2025 07:25:42,temperatura,17,29,26.4
22/05/2025 07:25:42,humedad,50,80,41
22/05/2025 07:25:42,iluminacion,200,1100,2286
22/05/2025 07:25:52,temperatura,17,29,26.4
22/05/2025 07:25:52,humedad,50,80,41
22/05/2025 07:25:52,iluminacion,200,1100,2284
22/05/2025 07:26:02,temperatura,17,29,26.4
22/05/2025 07:26:02,humedad,50,80,41
22/05/2025 07:26:02,iluminacion,200,1100,2289
22/05/2025 07:26:12,temperatura,17,29,26.5
22/05/2025 07:26:12,humedad,50,80,41
22/05/2025 07:26:12,iluminacion,200,1100,2283
22/05/2025 07:26:22,temperatura,17,29,26.4
22/05/2025 07:26:22,humedad,50,80,41
22/05/2025 07:26:22,iluminacion,200,1100,2289
22/05/2025 07:26:32,temperatura,17,29,26.5
22/05/2025 07:26:32,humedad,50,80,41
22/05/2025 07:26:32,iluminacion,200,1100,2289
22/05/2025 07:26:42,temperatura,17,29,26.6
22/05/2025 07:26:42,humedad,50,80,41
22/05/2025 07:26:42,iluminacion,200,1100,2284
22/05/2025 07:26:52,temperatura,17,29,26.5
22/05/2025 07:26:52,humedad,50,80,41
22/05/2025 07:26:52,iluminacion,200,1100,2288
22/05/2025 07:27:02,temperatura,17,29,26.6
22/05/2025 07:27:02,humedad,50,80,41
22/05/2025 07:27:02,iluminacion,200,1100,2288
22/05/2025 07:27:12,temperatura,17,29,26.6
22/05/2025 07:27:12,humedad,50,80,41
22/05/2025 07:27:12,iluminacion,200,1100,2285
22/05/2025 07:27:22,temperatura,17,29,26.6
22/05/2025 07:27:22,humedad,50,80,41
22/05/2025 07:27:22,iluminacion,200,1100,2288
22/05/2025 07:27:32,temperatura,17,29,26.6
22/05/2025 07:27:32,humedad,50,80,42
22/05/2025 07:27:32,iluminacion,200,1100,2283
22/05/2025 07:27:42,temperatura,17,29,26.7
22/05/2025 07:27:42,humedad,50,80,41
22/05/2025 07:27:42,iluminacion,200,1100,2283
22/05/2025 07:27:52,temperatura,17,29,26.6
22/05/2025 07:27:52,humedad,50,80,41
22/05/2025 07:27:52,iluminacion,200,1100,2288
22/05/2025 07:28:02,temperatura,17,29,26.7
22/05/2025 07:28:02,humedad,50,80,41
22/05/2025 07:28:02,iluminacion,200,1100,2287
22/05/2025 07:28:12,temperatura,17,29,26.7
22/05/2025 07:28:12,humedad,50,80,41
22/05/2025 07:28:12,iluminacion,200,1100,2288
22/05/2025 07:28:22,temperatura,17,29,26.7
22/05/2025 07:28:22,humedad,50,80,41
22/05/2025 07:28:22,iluminacion,200,1100,2288
22/05/2025 07:28:32,temperatura,17,29,26.7
22/05/2025 07:28:32,humedad,50,80,41
22/05/2025 07:28:32,iluminacion,200,1100,2288
22/05/2025 07:28:42,temperatura,17,29,26.7
22/05/2025 07:28:42,humedad,50,80,41
22/05/2025 07:28:42,iluminacion,200,1100,2285
22/05/2025 07:28:52,temperatura,17,29,26.8
22/05/2025 07:28:52,humedad,50,80,41
22/05/2025 07:28:52,iluminacion,200,1100,2258
22/05/2025 07:29:02,temperatura,17,29,26.9
22/05/2025 07:29:02,humedad,50,80,42
22/05/2025 07:29:02,iluminacion,200,1100,2267
22/05/2025 07:29:12,temperatura,17,29,26.9
22/05/2025 07:29:12,humedad,50,80,42
22/05/2025 07:29:12,iluminacion,200,1100,2269
22/05/2025 10:39:40,temperatura,15,40,28.8
22/05/2025 10:39:40,humedad,20,80,29
22/05/2025 10:39:40,iluminacion,150,1400,1047
22/05/2025 10:39:50,temperatura,15,40,28.6
22/05/2025 10:39:50,humedad,20,80,29
22/05/2025 10:39:50,iluminacion,150,1400,1664
22/05/2025 10:40:00,temperatura,15,40,28.6
22/05/2025 10:40:00,humedad,20,80,30
22/05/2025 10:40:00,iluminacion,150,1400,1635
22/05/2025 10:40:10,temperatura,15,40,28.6
22/05/2025 10:40:10,humedad,20,80,29
22/05/2025 10:40:10,iluminacion,150,1400,1621
22/05/2025 10:40:20,temperatura,15,40,28.6
22/05/2025 10:40:20,humedad,20,80,29
22/05/2025 10:40:20,iluminacion,150,1400,1654
22/05/2025 10:40:30,temperatura,15,40,28.6
22/05/2025 10:40:30,humedad,20,80,30
22/05/2025 10:40:30,iluminacion,150,1400,1634
22/05/2025 10:40:40,temperatura,15,40,28.6
22/05/2025 10:40:40,humedad,20,80,29
22/05/2025 10:40:40,iluminacion,150,1400,1627
22/05/2025 10:40:50,temperatura,15,40,28.6
22/05/2025 10:40:50,humedad,20,80,29
22/05/2025 10:40:50,iluminacion,150,1400,1616
22/05/2025 10:41:00,temperatura,15,40,28.6
22/05/2025 10:41:00,humedad,20,80,29
22/05/2025 10:41:00,iluminacion,150,1400,1679
22/05/2025 10:41:10,temperatura,15,40,28.6
22/05/2025 10:41:10,humedad,20,80,29
22/05/2025 10:41:10,iluminacion,150,1400,1638
22/05/2025 10:41:20,temperatura,15,40,28.5
22/05/2025 10:41:20,humedad,20,80,29
22/05/2025 10:41:20,iluminacion,150,1400,1613
22/05/2025 10:41:31,temperatura,15,40,28.6
22/05/2025 10:41:31,humedad,20,80,29
22/05/2025 10:41:31,iluminacion,150,1400,1648
22/05/2025 10:41:41,temperatura,15,40,28.5
22/05/2025 10:41:41,humedad,20,80,30
22/05/2025 10:41:41,iluminacion,150,1400,1680
22/05/2025 10:41:52,temperatura,15,40,28.5
22/05/2025 10:41:52,humedad,20,80,29
22/05/2025 10:41:52,iluminacion,150,1400,1691
22/05/2025 10:42:28,temperatura,15,40,28.5
22/05/2025 10:42:28,humedad,20,80,29
22/05/2025 10:42:28,iluminacion,150,1400,1049
22/05/2025 10:42:38,temperatura,15,40,28.4
22/05/2025 10:42:38,humedad,20,80,30
22/05/2025 10:42:38,iluminacion,150,1400,1616
22/05/2025 10:42:48,temperatura,15,40,28.3
22/05/2025 10:42:48,humedad,20,80,30
22/05/2025 10:42:48,iluminacion,150,1400,1579
22/05/2025 10:42:58,temperatura,15,40,28.3
22/05/2025 10:42:58,humedad,20,80,30
22/05/2025 10:42:58,iluminacion,150,1400,1655
22/05/2025 10:43:08,temperatura,15,40,28.4
22/05/2025 10:43:08,humedad,20,80,30
22/05/2025 10:43:08,iluminacion,150,1400,1641
22/05/2025 10:43:18,temperatura,15,40,28.3
22/05/2025 10:43:18,humedad,20,80,30
22/05/2025 10:43:18,iluminacion,150,1400,1621
22/05/2025 10:43:28,temperatura,15,40,28.3
22/05/2025 10:43:28,humedad,20,80,30
22/05/2025 10:43:28,iluminacion,150,1400,1678
22/05/2025 10:43:38,temperatura,15,40,28.3
22/05/2025 10:43:38,humedad,20,80,30
22/05/2025 10:43:38,iluminacion,150,1400,1622
22/05/2025 10:43:48,temperatura,15,40,28.3
22/05/2025 10:43:48,humedad,20,80,30
22/05/2025 10:43:48,iluminacion,150,1400,1602
22/05/2025 10:43:58,temperatura,15,40,28.3
22/05/2025 10:43:58,humedad,20,80,30
22/05/2025 10:43:58,iluminacion,150,1400,1626
22/05/2025 10:44:08,temperatura,15,40,28.3
22/05/2025 10:44:08,humedad,20,80,30
22/05/2025 10:44:08,iluminacion,150,1400,1616
22/05/2025 10:44:18,temperatura,15,40,28.3
22/05/2025 10:44:18,humedad,20,80,30
22/05/2025 10:44:18,iluminacion,150,1400,1616
22/05/2025 10:44:28,temperatura,15,40,28.2
22/05/2025 10:44:28,humedad,20,80,30
22/05/2025 10:44:28,iluminacion,150,1400,1647
22/05/2025 10:44:38,temperatura,15,40,28.2
22/05/2025 10:44:38,humedad,20,80,31
22/05/2025 10:44:38,iluminacion,150,1400,1589
22/05/2025 10:44:48,temperatura,15,40,28.1
22/05/2025 10:44:48,humedad,20,80,30
22/05/2025 10:44:48,iluminacion,150,1400,1599
22/05/2025 10:44:58,temperatura,15,40,28.1
22/05/2025 10:44:58,humedad,20,80,31
22/05/2025 10:44:58,iluminacion,150,1400,1561
22/05/2025 10:45:08,temperatura,15,40,28.1
22/05/2025 10:45:08,humedad,20,80,31
22/05/2025 10:45:08,iluminacion,150,1400,1573
22/05/2025 10:45:18,temperatura,15,40,28.1
22/05/2025 10:45:18,humedad,20,80,31
22/05/2025 10:45:18,iluminacion,150,1400,1378
22/05/2025 10:45:28,temperatura,15,40,28
22/05/2025 10:45:28,humedad,20,80,31
22/05/2025 10:45:28,iluminacion,150,1400,1313
22/05/2025 10:45:38,temperatura,15,40,28
22/05/2025 10:45:38,humedad,20,80,31
22/05/2025 10:45:38,iluminacion,150,1400,1403
22/05/2025 10:45:48,temperatura,15,40,28
22/05/2025 10:45:48,humedad,20,80,31
22/05/2025 10:45:48,iluminacion,150,1400,1387
22/05/2025 10:45:58,temperatura,15,40,28
22/05/2025 10:45:58,humedad,20,80,31
22/05/2025 10:45:58,iluminacion,150,1400,1415
22/05/2025 10:46:08,temperatura,15,40,28
22/05/2025 10:46:08,humedad,20,80,31
22/05/2025 10:46:08,iluminacion,150,1400,1409
22/05/2025 10:46:18,temperatura,15,40,28
22/05/2025 10:46:18,humedad,20,80,31
22/05/2025 10:46:18,iluminacion,150,1400,1322
22/05/2025 10:46:28,temperatura,15,40,28
22/05/2025 10:46:28,humedad,20,80,31
22/05/2025 10:46:28,iluminacion,150,1400,1375
22/05/2025 10:46:38,temperatura,15,40,28
22/05/2025 10:46:38,humedad,20,80,31
22/05/2025 10:46:38,iluminacion,150,1400,1341
22/05/2025 10:46:48,temperatura,15,40,28
22/05/2025 10:46:48,humedad,20,80,31
22/05/2025 10:46:48,iluminacion,150,1400,1387
22/05/2025 10:46:58,temperatura,15,40,28
22/05/2025 10:46:58,humedad,20,80,31
22/05/2025 10:46:58,iluminacion,150,1400,1379
22/05/2025 10:47:08,temperatura,15,40,28
22/05/2025 10:47:08,humedad,20,80,31
22/05/2025 10:47:08,iluminacion,150,1400,1375
22/05/2025 10:47:18,temperatura,15,40,28
22/05/2025 10:47:18,humedad,20,80,31
22/05/2025 10:47:18,iluminacion,150,1400,1602
22/05/2025 10:47:28,temperatura,15,40,28
22/05/2025 10:47:28,humedad,20,80,31
22/05/2025 10:47:28,iluminacion,150,1400,1605
22/05/2025 10:47:38,temperatura,15,40,28
22/05/2025 10:47:38,humedad,20,80,31
22/05/2025 10:47:38,iluminacion,150,1400,1584
22/05/2025 10:47:48,temperatura,15,40,28
22/05/2025 10:47:48,humedad,20,80,30
22/05/2025 10:47:48,iluminacion,150,1400,1558
22/05/2025 10:47:58,temperatura,15,40,28
22/05/2025 10:47:58,humedad,20,80,30
22/05/2025 10:47:58,iluminacion,150,1400,1584
22/05/2025 10:48:08,temperatura,15,40,28
22/05/2025 10:48:08,humedad,20,80,30
22/05/2025 10:48:08,iluminacion,150,1400,1603
22/05/2025 10:48:18,temperatura,15,40,28.1
22/05/2025 10:48:18,humedad,20,80,30
22/05/2025 10:48:18,iluminacion,150,1400,1652
22/05/2025 10:48:28,temperatura,15,40,28
22/05/2025 10:48:28,humedad,20,80,30
22/05/2025 10:48:28,iluminacion,150,1400,1650
22/05/2025 10:59:08,temperatura,15,40,27.5
22/05/2025 10:59:08,humedad,20,80,30
22/05/2025 10:59:08,iluminacion,150,1400,1631
22/05/2025 10:59:18,temperatura,15,40,27.5
22/05/2025 10:59:18,humedad,20,80,30
22/05/2025 10:59:18,iluminacion,150,1400,1677
22/05/2025 10:59:28,temperatura,15,40,27.5
22/05/2025 10:59:28,humedad,20,80,30
22/05/2025 10:59:28,iluminacion,150,1400,1471
22/05/2025 10:59:38,temperatura,15,40,27.5
22/05/2025 10:59:38,humedad,20,80,30
22/05/2025 10:59:38,iluminacion,150,1400,1605
22/05/2025 10:59:48,temperatura,15,40,27.5
22/05/2025 10:59:48,humedad,20,80,30
22/05/2025 10:59:48,iluminacion,150,1400,1737
22/05/2025 10:59:59,temperatura,15,40,27.5
22/05/2025 10:59:59,humedad,20,80,29
22/05/2025 10:59:59,iluminacion,150,1400,1617
22/05/2025 11:00:08,temperatura,15,40,27.5
22/05/2025 11:00:08,humedad,20,80,30
22/05/2025 11:00:08,iluminacion,150,1400,1677
22/05/2025 11:00:18,temperatura,15,40,27.5
22/05/2025 11:00:18,humedad,20,80,30
22/05/2025 11:00:18,iluminacion,150,1400,1587
22/05/2025 11:00:28,temperatura,15,40,27.5
22/05/2025 11:00:28,humedad,20,80,30
22/05/2025 11:00:28,iluminacion,150,1400,1619
22/05/2025 11:00:38,temperatura,15,40,27.5
22/05/2025 11:00:38,humedad,20,80,30
22/05/2025 11:00:38,iluminacion,150,1400,1650
